step,w. mask,w.o. mask,provenance
0,0.157610,0.151167,reconstructed_from_paper
1,0.158837,0.128728,reconstructed_from_paper
2,0.174369,0.129777,reconstructed_from_paper
3,0.151665,0.124179,reconstructed_from_paper
4,0.169883,0.137105,reconstructed_from_paper
5,0.154006,0.143676,reconstructed_from_paper
6,0.181898,0.140402,reconstructed_from_paper
7,0.175760,0.135559,reconstructed_from_paper
8,0.186044,0.148580,reconstructed_from_paper
9,0.172228,0.143121,reconstructed_from_paper
10,0.180526,0.146653,reconstructed_from_paper
11,0.176144,0.131058,reconstructed_from_paper
12,0.173625,0.148706,reconstructed_from_paper
13,0.181806,0.132791,reconstructed_from_paper
14,0.171708,0.136302,reconstructed_from_paper
15,0.180062,0.152011,reconstructed_from_paper
16,0.189616,0.181189,reconstructed_from_paper
17,0.185659,0.166618,reconstructed_from_paper
18,0.183082,0.153721,reconstructed_from_paper
19,0.205056,0.152414,reconstructed_from_paper
20,0.189192,0.170445,reconstructed_from_paper
21,0.185230,0.177411,reconstructed_from_paper
22,0.192409,0.176392,reconstructed_from_paper
23,0.188169,0.157554,reconstructed_from_paper
24,0.190499,0.164221,reconstructed_from_paper
25,0.192018,0.158090,reconstructed_from_paper
26,0.212271,0.160015,reconstructed_from_paper
27,0.197509,0.153153,reconstructed_from_paper
28,0.200003,0.163095,reconstructed_from_paper
29,0.205272,0.137110,reconstructed_from_paper
30,0.217303,0.152029,reconstructed_from_paper
31,0.200678,0.176552,reconstructed_from_paper
32,0.198786,0.158451,reconstructed_from_paper
33,0.224893,0.180692,reconstructed_from_paper
34,0.194747,0.155662,reconstructed_from_paper
35,0.204824,0.170121,reconstructed_from_paper
36,0.214444,0.182291,reconstructed_from_paper
37,0.228734,0.162969,reconstructed_from_paper
38,0.204231,0.168795,reconstructed_from_paper
39,0.193783,0.215616,reconstructed_from_paper
40,0.219881,0.171620,reconstructed_from_paper
41,0.211806,0.172434,reconstructed_from_paper
42,0.214279,0.175478,reconstructed_from_paper
43,0.222478,0.185308,reconstructed_from_paper
44,0.221994,0.185580,reconstructed_from_paper
45,0.223957,0.201159,reconstructed_from_paper
46,0.219612,0.199524,reconstructed_from_paper
47,0.234816,0.183495,reconstructed_from_paper
48,0.237989,0.185249,reconstructed_from_paper
49,0.227660,0.171160,reconstructed_from_paper
50,0.225250,0.171048,reconstructed_from_paper
51,0.236201,0.182943,reconstructed_from_paper
52,0.235633,0.205022,reconstructed_from_paper
53,0.224970,0.197294,reconstructed_from_paper
54,0.231100,0.208073,reconstructed_from_paper
55,0.244670,0.211052,reconstructed_from_paper
56,0.237007,0.196197,reconstructed_from_paper
57,0.236653,0.229596,reconstructed_from_paper
58,0.242495,0.192985,reconstructed_from_paper
59,0.242045,0.192470,reconstructed_from_paper
60,0.243816,0.196202,reconstructed_from_paper
61,0.229919,0.219550,reconstructed_from_paper
62,0.260890,0.202223,reconstructed_from_paper
63,0.250028,0.194486,reconstructed_from_paper
64,0.242960,0.212170,reconstructed_from_paper
65,0.259354,0.223033,reconstructed_from_paper
66,0.255537,0.206077,reconstructed_from_paper
67,0.254759,0.204918,reconstructed_from_paper
68,0.264557,0.224891,reconstructed_from_paper
69,0.275819,0.224263,reconstructed_from_paper
70,0.263721,0.224538,reconstructed_from_paper
71,0.273537,0.200878,reconstructed_from_paper
72,0.279680,0.216660,reconstructed_from_paper
73,0.255823,0.218576,reconstructed_from_paper
74,0.261374,0.188463,reconstructed_from_paper
75,0.273341,0.232132,reconstructed_from_paper
76,0.255039,0.217111,reconstructed_from_paper
77,0.268138,0.211548,reconstructed_from_paper
78,0.282193,0.249555,reconstructed_from_paper
79,0.281771,0.219985,reconstructed_from_paper
80,0.279636,0.208311,reconstructed_from_paper
81,0.261413,0.218425,reconstructed_from_paper
82,0.296957,0.228100,reconstructed_from_paper
83,0.284131,0.232365,reconstructed_from_paper
84,0.287434,0.220605,reconstructed_from_paper
85,0.286828,0.209746,reconstructed_from_paper
86,0.270711,0.212817,reconstructed_from_paper
87,0.274532,0.211776,reconstructed_from_paper
88,0.277846,0.209090,reconstructed_from_paper
89,0.304489,0.224513,reconstructed_from_paper
90,0.284060,0.218446,reconstructed_from_paper
91,0.290331,0.226893,reconstructed_from_paper
92,0.291789,0.214958,reconstructed_from_paper
93,0.299949,0.215032,reconstructed_from_paper
94,0.300939,0.225426,reconstructed_from_paper
95,0.300626,0.223733,reconstructed_from_paper
96,0.289934,0.245827,reconstructed_from_paper
97,0.276457,0.217090,reconstructed_from_paper
98,0.304436,0.233596,reconstructed_from_paper
99,0.306781,0.230709,reconstructed_from_paper
100,0.316009,0.213231,reconstructed_from_paper
101,0.306862,0.242981,reconstructed_from_paper
102,0.304315,0.235647,reconstructed_from_paper
103,0.313999,0.203872,reconstructed_from_paper
104,0.299788,0.243107,reconstructed_from_paper
105,0.305391,0.248569,reconstructed_from_paper
106,0.307168,0.224436,reconstructed_from_paper
107,0.319010,0.260675,reconstructed_from_paper
108,0.334919,0.239352,reconstructed_from_paper
109,0.325772,0.221321,reconstructed_from_paper
110,0.330270,0.246501,reconstructed_from_paper
111,0.324501,0.233988,reconstructed_from_paper
112,0.326284,0.220685,reconstructed_from_paper
113,0.321903,0.209843,reconstructed_from_paper
114,0.324689,0.244681,reconstructed_from_paper
115,0.308932,0.231369,reconstructed_from_paper
116,0.320176,0.251773,reconstructed_from_paper
117,0.320916,0.248809,reconstructed_from_paper
118,0.339317,0.236565,reconstructed_from_paper
119,0.339326,0.237129,reconstructed_from_paper
120,0.344547,0.270684,reconstructed_from_paper
121,0.349244,0.270552,reconstructed_from_paper
122,0.335727,0.257664,reconstructed_from_paper
123,0.347979,0.242596,reconstructed_from_paper
124,0.356536,0.234427,reconstructed_from_paper
125,0.342170,0.243692,reconstructed_from_paper
126,0.352271,0.273753,reconstructed_from_paper
127,0.343584,0.257366,reconstructed_from_paper
128,0.333323,0.247457,reconstructed_from_paper
129,0.348494,0.234895,reconstructed_from_paper
130,0.342255,0.255615,reconstructed_from_paper
131,0.350993,0.241512,reconstructed_from_paper
132,0.347697,0.255084,reconstructed_from_paper
133,0.355231,0.266345,reconstructed_from_paper
134,0.336834,0.271897,reconstructed_from_paper
135,0.371854,0.259491,reconstructed_from_paper
136,0.367299,0.253504,reconstructed_from_paper
137,0.354842,0.262524,reconstructed_from_paper
138,0.351595,0.285894,reconstructed_from_paper
139,0.360106,0.266468,reconstructed_from_paper
140,0.366677,0.242081,reconstructed_from_paper
141,0.365848,0.285114,reconstructed_from_paper
142,0.366850,0.267521,reconstructed_from_paper
143,0.349045,0.314531,reconstructed_from_paper
144,0.356912,0.259191,reconstructed_from_paper
145,0.377850,0.265527,reconstructed_from_paper
146,0.370154,0.263635,reconstructed_from_paper
147,0.357185,0.274255,reconstructed_from_paper
148,0.363520,0.261643,reconstructed_from_paper
149,0.359985,0.249882,reconstructed_from_paper
150,0.364491,0.244578,reconstructed_from_paper
151,0.383189,0.271250,reconstructed_from_paper
152,0.373029,0.266750,reconstructed_from_paper
153,0.384916,0.266879,reconstructed_from_paper
154,0.378427,0.306421,reconstructed_from_paper
155,0.365781,0.288636,reconstructed_from_paper
156,0.373719,0.293942,reconstructed_from_paper
157,0.398557,0.272395,reconstructed_from_paper
158,0.374770,0.284899,reconstructed_from_paper
159,0.373457,0.278746,reconstructed_from_paper
160,0.393000,0.279972,reconstructed_from_paper
161,0.384661,0.294646,reconstructed_from_paper
162,0.384837,0.293755,reconstructed_from_paper
163,0.397776,0.290646,reconstructed_from_paper
164,0.372437,0.289574,reconstructed_from_paper
165,0.391103,0.268103,reconstructed_from_paper
166,0.380028,0.279296,reconstructed_from_paper
167,0.378092,0.296400,reconstructed_from_paper
168,0.383785,0.286944,reconstructed_from_paper
169,0.400696,0.282261,reconstructed_from_paper
170,0.391031,0.299574,reconstructed_from_paper
171,0.378071,0.282572,reconstructed_from_paper
172,0.384845,0.287321,reconstructed_from_paper
173,0.407187,0.310630,reconstructed_from_paper
174,0.403928,0.294158,reconstructed_from_paper
175,0.387483,0.320785,reconstructed_from_paper
176,0.417013,0.309075,reconstructed_from_paper
177,0.395012,0.314352,reconstructed_from_paper
178,0.389041,0.320110,reconstructed_from_paper
179,0.398463,0.274484,reconstructed_from_paper
180,0.408007,0.305273,reconstructed_from_paper
181,0.414278,0.289235,reconstructed_from_paper
182,0.410282,0.302172,reconstructed_from_paper
183,0.399115,0.308465,reconstructed_from_paper
184,0.398751,0.328782,reconstructed_from_paper
185,0.392160,0.311660,reconstructed_from_paper
186,0.404173,0.336756,reconstructed_from_paper
187,0.400607,0.307124,reconstructed_from_paper
188,0.408178,0.314930,reconstructed_from_paper
189,0.396504,0.318184,reconstructed_from_paper
190,0.403308,0.331416,reconstructed_from_paper
191,0.400994,0.318381,reconstructed_from_paper
192,0.399020,0.311451,reconstructed_from_paper
193,0.399824,0.316651,reconstructed_from_paper
194,0.401819,0.302523,reconstructed_from_paper
195,0.401105,0.341360,reconstructed_from_paper
196,0.416059,0.335156,reconstructed_from_paper
197,0.412836,0.331670,reconstructed_from_paper
198,0.401817,0.330551,reconstructed_from_paper
199,0.417417,0.319068,reconstructed_from_paper
200,0.416164,0.322907,reconstructed_from_paper
